CustomerKey,CustomerName,Segment,City,Country,SignupDate
1,Felix Huber,Consumer,Munich,Germany,2023-07-13
2,Sofia Gruber,Reseller,Graz,Austria,2024-07-23
3,Elias Bauer,Consumer,Graz,Austria,2023-07-08
4,Paul Keller,Reseller,Vienna,Austria,2024-06-23
5,Emma Brandl,Corporate,Munich,Germany,2024-02-29
6,Clara Moser,Consumer,Linz,Austria,2024-11-10
7,Elias Winkler,Consumer,Linz,Austria,2023-07-05
8,Julia Gruber,Consumer,Zurich,Switzerland,2023-03-06
9,David Steiner,Reseller,Berlin,Germany,2025-03-02
10,Lukas Lang,Reseller,Graz,Austria,2025-08-19
11,Sarah Wagner,Reseller,Berlin,Germany,2025-03-25
12,Jan Steiner,Reseller,Munich,Germany,2024-11-17
13,Maria Bauer,Consumer,Berlin,Germany,2023-02-16
14,Paul Gruber,Corporate,Berlin,Germany,2024-03-05
15,David Fischer,Consumer,Cologne,Germany,2023-06-29
16,Lena Wagner,Reseller,Linz,Austria,2024-05-26
17,Paul Fischer,Corporate,Zurich,Switzerland,2023-08-30
18,Tobias Schmid,Consumer,Vienna,Austria,2023-07-19
19,Lukas Winkler,Corporate,Berlin,Germany,2023-02-02
20,Emma Egger,Consumer,Munich,Germany,2024-09-28
21,Moritz Reiter,Corporate,Linz,Austria,2023-08-25
22,Sofia Schmid,Reseller,Berlin,Germany,2024-12-30
23,Clara Wolf,Reseller,Zurich,Switzerland,2023-12-02
24,Paul Berger,Reseller,Bern,Switzerland,2023-02-28
25,Lukas Gruber,Consumer,Linz,Austria,2025-02-15
26,Elias Fuchs,Consumer,Zurich,Switzerland,2023-12-22
27,Jan Lang,Reseller,Berlin,Germany,2025-08-17
28,Tobias Huber,Consumer,Berlin,Germany,2025-01-22
29,Julia Gruber,Consumer,Zurich,Switzerland,2023-05-07
30,Laura Huber,Consumer,Linz,Austria,2024-04-29
31,Felix Mayer,Reseller,Munich,Germany,2023-05-02
32,David Fischer,Reseller,Vienna,Austria,2024-08-01
33,Julia Roth,Consumer,Graz,Austria,2025-07-05
34,David Mayer,Consumer,Vienna,Austria,2023-07-31
35,Clara Wagner,Consumer,Bern,Switzerland,2025-03-11
36,Maria Brandl,Consumer,Linz,Austria,2024-10-02
37,Moritz Brandl,Consumer,Berlin,Germany,2024-05-20
38,Jan Wolf,Consumer,Munich,Germany,2024-11-26
39,Noah Reiter,Consumer,Bern,Switzerland,2025-06-05
40,Nina Lang,Consumer,Munich,Germany,2023-07-15
41,Maria Winkler,Consumer,Munich,Germany,2024-07-21
42,Paul Huber,Consumer,Vienna,Austria,2023-07-19
43,Maria Bauer,Consumer,Graz,Austria,2024-05-06
44,Paul Moser,Corporate,Munich,Germany,2024-06-01
45,Sofia Egger,Reseller,Bern,Switzerland,2023-08-02
46,Moritz Wolf,Consumer,Graz,Austria,2023-03-06
47,Elias Steiner,Corporate,Zurich,Switzerland,2024-03-19
48,Lukas Gruber,Consumer,Zurich,Switzerland,2024-12-11
49,Julia Gruber,Consumer,Munich,Germany,2023-06-09
50,Tobias Lang,Consumer,Zurich,Switzerland,2023-06-02
51,Lena Lang,Consumer,Graz,Austria,2024-02-23
52,Tobias Gruber,Consumer,Vienna,Austria,2025-08-15
53,Maria Schmid,Consumer,Zurich,Switzerland,2024-04-07
54,Moritz Weber,Corporate,Vienna,Austria,2023-05-14
55,Sarah Huber,Corporate,Berlin,Germany,2025-07-02
56,Laura Mayer,Corporate,Bern,Switzerland,2023-05-04
57,Emma Mayer,Consumer,Vienna,Austria,2024-07-12
58,Tobias Bauer,Consumer,Vienna,Austria,2023-01-17
59,Clara Roth,Reseller,Linz,Austria,2023-01-24
60,Nina Wagner,Consumer,Graz,Austria,2024-07-28
61,Maria Schmid,Corporate,Graz,Austria,2025-07-18
62,Clara Schmid,Reseller,Vienna,Austria,2024-08-22
63,Maria Wolf,Reseller,Cologne,Germany,2025-07-11
64,Lena Weber,Consumer,Munich,Germany,2023-08-25
65,Sarah Berger,Consumer,Bern,Switzerland,2023-10-16
66,Maria Huber,Corporate,Graz,Austria,2023-02-10
67,Tobias Weber,Reseller,Berlin,Germany,2023-04-11
68,David Wagner,Consumer,Cologne,Germany,2023-09-14
69,Jonas Lang,Reseller,Berlin,Germany,2024-08-14
70,Nina Huber,Reseller,Berlin,Germany,2025-07-08
71,Felix Berger,Consumer,Graz,Austria,2025-05-26
72,Felix Brandl,Consumer,Berlin,Germany,2023-09-11
73,Jan Weber,Consumer,Munich,Germany,2024-10-30
74,Lena Keller,Corporate,Berlin,Germany,2025-06-11
75,Lukas Wagner,Corporate,Berlin,Germany,2023-01-11
76,Anna Winkler,Consumer,Berlin,Germany,2023-05-11
77,Laura Brandl,Corporate,Vienna,Austria,2023-03-21
78,Maria Berger,Reseller,Vienna,Austria,2025-03-30
79,David Egger,Reseller,Linz,Austria,2024-02-10
80,Sofia Bauer,Consumer,Cologne,Germany,2025-06-04
81,Lukas Steiner,Consumer,Munich,Germany,2024-10-09
82,Felix Steiner,Reseller,Zurich,Switzerland,2025-08-20
83,Jan Berger,Consumer,Linz,Austria,2025-08-22
84,Jonas Wolf,Consumer,Linz,Austria,2024-12-20
85,Julia Wolf,Consumer,Berlin,Germany,2023-05-09
86,Felix Reiter,Consumer,Bern,Switzerland,2023-07-12
87,Emma Lang,Consumer,Berlin,Germany,2025-03-16
88,Paul Schmid,Consumer,Munich,Germany,2024-01-09
89,Julia Moser,Consumer,Berlin,Germany,2023-11-21
90,Nina Reiter,Reseller,Cologne,Germany,2025-07-15
91,Anna Gruber,Consumer,Linz,Austria,2024-07-13
92,Lena Bauer,Consumer,Zurich,Switzerland,2023-11-15
93,Julia Wolf,Reseller,Graz,Austria,2023-12-26
94,Clara Weber,Consumer,Vienna,Austria,2024-11-21
95,Elias Huber,Reseller,Munich,Germany,2023-12-04
96,Elias Wagner,Consumer,Cologne,Germany,2024-10-06
97,Felix Mayer,Reseller,Berlin,Germany,2024-10-09
98,Elias Winkler,Corporate,Berlin,Germany,2024-06-16
99,Sofia Weber,Corporate,Zurich,Switzerland,2024-10-20
100,Jonas Fuchs,Reseller,Berlin,Germany,2024-01-16
101,Tobias Huber,Consumer,Berlin,Germany,2023-06-30
102,Elias Egger,Reseller,Cologne,Germany,2024-03-17
103,Laura Lang,Consumer,Bern,Switzerland,2025-02-16
104,Jonas Wagner,Consumer,Cologne,Germany,2023-03-02
105,Paul Mayer,Consumer,Munich,Germany,2023-04-26
106,Anna Bauer,Consumer,Bern,Switzerland,2024-08-13
107,Maria Lang,Corporate,Munich,Germany,2024-12-01
108,Sarah Roth,Corporate,Munich,Germany,2023-04-27
109,Anna Gruber,Corporate,Munich,Germany,2023-05-26
110,Nina Lang,Consumer,Munich,Germany,2025-06-23
111,Felix Lang,Consumer,Bern,Switzerland,2024-10-10
112,Nina Brandl,Reseller,Cologne,Germany,2025-07-26
113,Laura Fuchs,Reseller,Zurich,Switzerland,2025-03-26
114,Tobias Lang,Consumer,Bern,Switzerland,2024-03-01
115,Lena Schmid,Consumer,Bern,Switzerland,2024-08-29
116,Paul Moser,Corporate,Graz,Austria,2024-11-26
117,Noah Schmid,Consumer,Cologne,Germany,2023-10-20
118,Tobias Wagner,Consumer,Linz,Austria,2023-07-21
119,Sarah Berger,Consumer,Graz,Austria,2024-01-25
120,Elias Winkler,Reseller,Bern,Switzerland,2024-01-26
121,Lukas Weber,Corporate,Zurich,Switzerland,2025-06-10
122,Clara Huber,Reseller,Zurich,Switzerland,2024-03-29
123,Anna Steiner,Consumer,Zurich,Switzerland,2025-04-18
124,Elias Brandl,Reseller,Munich,Germany,2024-04-09
125,Paul Moser,Corporate,Bern,Switzerland,2022-12-26
126,Sarah Winkler,Corporate,Linz,Austria,2025-04-05
127,Laura Berger,Reseller,Vienna,Austria,2025-06-12
128,Sarah Egger,Reseller,Vienna,Austria,2023-02-20
129,Elias Berger,Corporate,Linz,Austria,2023-01-17
130,Lena Reiter,Consumer,Munich,Germany,2024-03-06
131,Julia Winkler,Corporate,Berlin,Germany,2025-01-05
132,Elias Moser,Consumer,Bern,Switzerland,2022-12-16
133,Tobias Bauer,Consumer,Munich,Germany,2024-09-22
134,Maria Bauer,Consumer,Munich,Germany,2023-06-19
135,Anna Fuchs,Consumer,Munich,Germany,2023-04-05
136,Moritz Gruber,Reseller,Munich,Germany,2024-03-17
137,Lena Steiner,Consumer,Graz,Austria,2025-01-31
138,Jonas Mayer,Consumer,Vienna,Austria,2025-07-05
139,Noah Egger,Corporate,Zurich,Switzerland,2025-07-18
140,Emma Wagner,Reseller,Munich,Germany,2023-03-11
141,Noah Fuchs,Consumer,Vienna,Austria,2023-11-17
142,Tobias Wolf,Consumer,Graz,Austria,2024-04-28
143,Julia Huber,Corporate,Bern,Switzerland,2023-03-15
144,Elias Steiner,Corporate,Linz,Austria,2024-02-15
145,Jonas Keller,Consumer,Bern,Switzerland,2024-03-17
146,Elias Egger,Consumer,Cologne,Germany,2025-04-17
147,Paul Wagner,Consumer,Bern,Switzerland,2023-08-03
148,Laura Egger,Reseller,Zurich,Switzerland,2023-11-06
149,Anna Roth,Consumer,Linz,Austria,2024-04-09
150,Emma Steiner,Consumer,Cologne,Germany,2023-09-09
151,Jan Moser,Reseller,Vienna,Austria,2024-05-09
152,Emma Wagner,Consumer,Zurich,Switzerland,2024-04-10
153,Tobias Schmid,Corporate,Bern,Switzerland,2024-02-28
154,Anna Wagner,Consumer,Munich,Germany,2024-01-15
155,Paul Mayer,Reseller,Cologne,Germany,2024-03-25
156,Tobias Keller,Consumer,Zurich,Switzerland,2024-12-29
157,Tobias Winkler,Consumer,Bern,Switzerland,2023-08-31
158,Noah Moser,Consumer,Graz,Austria,2024-12-04
159,Emma Winkler,Consumer,Linz,Austria,2023-06-11
160,Emma Roth,Consumer,Berlin,Germany,2023-03-09
161,Emma Mayer,Consumer,Cologne,Germany,2023-05-29
162,Noah Huber,Reseller,Linz,Austria,2023-09-03
163,Lukas Bauer,Reseller,Berlin,Germany,2024-11-10
164,Sofia Roth,Consumer,Vienna,Austria,2024-07-06
165,Noah Roth,Corporate,Bern,Switzerland,2023-11-10
166,Jonas Bauer,Consumer,Bern,Switzerland,2023-03-23
167,Maria Reiter,Corporate,Graz,Austria,2024-07-09
168,Lukas Berger,Consumer,Berlin,Germany,2023-02-22
169,Paul Gruber,Reseller,Zurich,Switzerland,2024-08-08
170,Jan Fuchs,Consumer,Zurich,Switzerland,2024-03-02
171,Laura Mayer,Reseller,Zurich,Switzerland,2023-10-05
172,Clara Fuchs,Consumer,Graz,Austria,2025-07-24
173,Emma Weber,Consumer,Graz,Austria,2023-05-06
174,Paul Fischer,Reseller,Graz,Austria,2023-05-06
175,Anna Wolf,Corporate,Bern,Switzerland,2023-09-21
176,Lukas Schmid,Consumer,Berlin,Germany,2024-11-15
177,Laura Wagner,Consumer,Berlin,Germany,2025-02-10
178,Clara Weber,Corporate,Graz,Austria,2024-06-06
179,Paul Berger,Consumer,Linz,Austria,2023-02-08
180,Lukas Fischer,Consumer,Berlin,Germany,2024-02-19
181,Felix Lang,Consumer,Zurich,Switzerland,2025-07-19
182,Lena Keller,Reseller,Bern,Switzerland,2024-02-18
183,Maria Fuchs,Consumer,Zurich,Switzerland,2024-12-18
184,Julia Fuchs,Consumer,Vienna,Austria,2023-02-28
185,Paul Egger,Reseller,Vienna,Austria,2025-01-18
186,Lena Egger,Consumer,Linz,Austria,2024-03-22
187,Nina Lang,Consumer,Linz,Austria,2024-07-18
188,Elias Roth,Consumer,Bern,Switzerland,2023-11-18
189,Elias Winkler,Consumer,Graz,Austria,2025-04-23
190,Jonas Winkler,Corporate,Bern,Switzerland,2023-09-18
191,Sarah Brandl,Consumer,Bern,Switzerland,2023-02-25
192,Julia Moser,Consumer,Graz,Austria,2025-08-16
193,Sarah Keller,Consumer,Bern,Switzerland,2024-01-24
194,Lukas Weber,Reseller,Cologne,Germany,2024-08-25
195,Moritz Lang,Consumer,Munich,Germany,2023-08-27
196,Tobias Berger,Consumer,Bern,Switzerland,2025-05-16
197,Moritz Gruber,Consumer,Munich,Germany,2024-11-22
198,Jonas Mayer,Reseller,Vienna,Austria,2024-06-14
199,Elias Wagner,Consumer,Graz,Austria,2024-03-13
200,Felix Berger,Corporate,Berlin,Germany,2024-05-01
201,Lena Wolf,Corporate,Bern,Switzerland,2023-08-03
202,Laura Brandl,Consumer,Zurich,Switzerland,2023-06-10
203,Jan Keller,Consumer,Graz,Austria,2023-09-05
204,Elias Winkler,Reseller,Berlin,Germany,2025-03-16
205,Anna Mayer,Consumer,Bern,Switzerland,2025-05-01
206,Sofia Lang,Reseller,Bern,Switzerland,2023-11-15
207,Julia Brandl,Reseller,Zurich,Switzerland,2024-03-07
208,Julia Weber,Consumer,Zurich,Switzerland,2023-07-24
209,Elias Bauer,Consumer,Bern,Switzerland,2024-11-18
210,Sarah Reiter,Consumer,Bern,Switzerland,2025-08-10
211,Lukas Berger,Reseller,Cologne,Germany,2025-05-05
212,Felix Lang,Consumer,Bern,Switzerland,2022-12-12
213,Sofia Wolf,Consumer,Graz,Austria,2024-03-21
214,Lena Winkler,Reseller,Zurich,Switzerland,2024-09-22
215,Maria Winkler,Reseller,Zurich,Switzerland,2025-07-31
216,Julia Roth,Reseller,Vienna,Austria,2024-08-20
217,Maria Schmid,Consumer,Munich,Germany,2024-12-30
218,Maria Wolf,Consumer,Graz,Austria,2024-02-24
219,Jonas Mayer,Consumer,Vienna,Austria,2023-10-25
220,Lukas Mayer,Consumer,Cologne,Germany,2024-02-11
221,Sofia Schmid,Reseller,Zurich,Switzerland,2024-06-28
222,Jonas Fischer,Consumer,Graz,Austria,2024-08-12
223,Sarah Fuchs,Consumer,Bern,Switzerland,2025-06-18
224,Clara Berger,Consumer,Bern,Switzerland,2024-09-10
225,Lena Lang,Consumer,Vienna,Austria,2025-06-04
226,Laura Mayer,Reseller,Linz,Austria,2023-02-10
227,Laura Steiner,Reseller,Berlin,Germany,2024-09-11
228,Elias Moser,Corporate,Berlin,Germany,2023-06-18
229,Sarah Roth,Consumer,Munich,Germany,2023-12-22
230,Clara Steiner,Reseller,Berlin,Germany,2024-11-12
231,Noah Huber,Corporate,Berlin,Germany,2022-12-05
232,Clara Bauer,Reseller,Bern,Switzerland,2025-03-28
233,Noah Schmid,Reseller,Cologne,Germany,2023-07-09
234,Emma Fuchs,Consumer,Linz,Austria,2024-08-31
235,Felix Bauer,Consumer,Bern,Switzerland,2022-12-31
236,Clara Steiner,Consumer,Graz,Austria,2025-06-15
237,Noah Winkler,Corporate,Linz,Austria,2023-06-20
238,Sofia Brandl,Consumer,Berlin,Germany,2025-03-26
239,Jonas Moser,Corporate,Berlin,Germany,2024-12-30
240,Julia Gruber,Corporate,Graz,Austria,2023-04-20
241,Paul Reiter,Reseller,Cologne,Germany,2023-02-27
242,Sarah Huber,Consumer,Graz,Austria,2024-03-06
243,David Moser,Reseller,Zurich,Switzerland,2025-03-18
244,David Gruber,Consumer,Bern,Switzerland,2022-12-22
245,Jan Brandl,Consumer,Munich,Germany,2024-09-20
246,Maria Lang,Consumer,Zurich,Switzerland,2023-03-26
247,Sofia Bauer,Consumer,Berlin,Germany,2024-04-14
248,Felix Gruber,Consumer,Linz,Austria,2023-12-29
249,Laura Steiner,Reseller,Zurich,Switzerland,2024-07-20
250,Sofia Wolf,Consumer,Bern,Switzerland,2024-08-18
251,Elias Moser,Consumer,Cologne,Germany,2023-07-07
252,Laura Lang,Consumer,Cologne,Germany,2023-03-08
253,David Brandl,Consumer,Vienna,Austria,2024-01-08
254,Lena Weber,Consumer,Bern,Switzerland,2023-02-28
255,Emma Fuchs,Consumer,Vienna,Austria,2025-02-09
256,Julia Schmid,Consumer,Munich,Germany,2023-02-05
257,Tobias Weber,Reseller,Munich,Germany,2025-03-08
258,Paul Winkler,Consumer,Vienna,Austria,2023-09-06
259,Sofia Berger,Reseller,Berlin,Germany,2025-02-21
260,Jonas Gruber,Consumer,Linz,Austria,2022-12-12
261,David Schmid,Reseller,Cologne,Germany,2022-12-13
262,Jonas Moser,Consumer,Linz,Austria,2024-12-25
263,Elias Keller,Consumer,Graz,Austria,2024-03-28
264,Laura Steiner,Reseller,Graz,Austria,2024-03-03
265,Nina Schmid,Reseller,Vienna,Austria,2024-12-10
266,Nina Mayer,Corporate,Vienna,Austria,2023-01-28
267,Moritz Reiter,Corporate,Graz,Austria,2024-04-12
268,Laura Wagner,Consumer,Cologne,Germany,2024-08-10
269,Sofia Wagner,Consumer,Berlin,Germany,2024-08-27
270,Clara Brandl,Consumer,Zurich,Switzerland,2024-07-30
271,Nina Mayer,Corporate,Zurich,Switzerland,2023-03-08
272,Felix Brandl,Consumer,Zurich,Switzerland,2024-03-03
273,Paul Wolf,Consumer,Bern,Switzerland,2024-01-09
274,Elias Gruber,Consumer,Zurich,Switzerland,2023-10-13
275,Lena Steiner,Consumer,Bern,Switzerland,2023-02-03
276,Maria Wagner,Consumer,Zurich,Switzerland,2023-03-05
277,David Berger,Reseller,Vienna,Austria,2024-07-19
278,Tobias Brandl,Consumer,Graz,Austria,2024-01-21
279,David Wolf,Consumer,Berlin,Germany,2024-08-02
280,Noah Steiner,Consumer,Munich,Germany,2023-05-04
281,Moritz Schmid,Consumer,Cologne,Germany,2025-04-10
282,Tobias Steiner,Consumer,Berlin,Germany,2024-07-06
283,Paul Wolf,Reseller,Vienna,Austria,2024-08-11
284,Lena Huber,Consumer,Berlin,Germany,2024-11-15
285,Noah Winkler,Consumer,Vienna,Austria,2023-05-31
286,Sofia Egger,Corporate,Graz,Austria,2023-04-21
287,Anna Wagner,Reseller,Munich,Germany,2023-12-17
288,Elias Lang,Consumer,Linz,Austria,2023-12-10
289,Noah Winkler,Reseller,Graz,Austria,2025-05-19
290,Lukas Berger,Consumer,Vienna,Austria,2024-10-17
291,Maria Moser,Corporate,Zurich,Switzerland,2024-04-07
292,Jan Lang,Corporate,Berlin,Germany,2023-07-05
293,Nina Gruber,Consumer,Zurich,Switzerland,2023-03-20
294,Noah Egger,Corporate,Berlin,Germany,2023-01-12
295,Paul Reiter,Reseller,Vienna,Austria,2022-12-04
296,Emma Mayer,Consumer,Linz,Austria,2025-01-17
297,Lena Mayer,Consumer,Graz,Austria,2022-12-04
298,Moritz Wolf,Consumer,Linz,Austria,2023-12-21
299,Tobias Schmid,Reseller,Cologne,Germany,2023-02-08
300,Sarah Bauer,Corporate,Vienna,Austria,2024-03-11
